location_set_id,st_custom_age_vector,stage_1_model_formula,path_to_custom_covariates,path_to_custom_stage_1,path_to_data,gpr_amp_factor,st_omega,st_zeta,st_lambda,gpr_amp_cutoff,prediction_age_group_ids,prediction_sex_ids,add_nsv,predict_re,rake_logit,prediction_units,agg_level_4_to_3,agg_level_5_to_4,agg_level_6_to_5,description,gpr_scale,st_version,gpr_amp_method,density_cutoffs,data_transform,decomp_step,year_end,year_start,gbd_covariates,gbd_round_id,bundle_id,covariate_id,crosswalk_version_id,modelable_entity_id,gpr_draws,holdouts,transform_offset,model_index_id,run_id
22,,,,/ihme/homes/annieb6/MRBeRT/2020_01_17/stage_1_est_ho1.csv,/ihme/homes/annieb6/AMR/typhi_paratyphi/datasets/mdr_typhi_national_ho1.csv,0.5,"1, 1","0.1, 0.005","0.2, 0.2",10,22,3,1,0,1,Proportion of MDR typhi,,,,mr_brt stg1 ho1,"10, 10",beta,global_above_cutoff,1,logit,iterative,2018,1990,,6,,,,24920,0,0,0.001,1,120221
22,,,,/ihme/homes/annieb6/MRBeRT/2020_01_17/stage_1_est_ho2.csv,/ihme/homes/annieb6/AMR/typhi_paratyphi/datasets/mdr_typhi_national_ho2.csv,0.5,"1, 1","0.1, 0.005","0.2, 0.2",10,22,3,1,0,1,Proportion of MDR typhi,,,,mr_brt stg1 ho2,"10, 10",beta,global_above_cutoff,1,logit,iterative,2018,1990,,6,,,,24920,0,0,0.001,2,120224
22,,,,/ihme/homes/annieb6/MRBeRT/2020_01_17/stage_1_est_ho3.csv,/ihme/homes/annieb6/AMR/typhi_paratyphi/datasets/mdr_typhi_national_ho3.csv,0.5,"1, 1","0.1, 0.005","0.2, 0.2",10,22,3,1,0,1,Proportion of MDR typhi,,,,mr_brt stg1 ho3,"10, 10",beta,global_above_cutoff,1,logit,iterative,2018,1990,,6,,,,24920,0,0,0.001,3,120227
22,,,,/ihme/homes/annieb6/MRBeRT/2020_01_17/stage_1_est_ho4.csv,/ihme/homes/annieb6/AMR/typhi_paratyphi/datasets/mdr_typhi_national_ho4.csv,0.5,"1, 1","0.1, 0.005","0.2, 0.2",10,22,3,1,0,1,Proportion of MDR typhi,,,,mr_brt stg1 ho4,"10, 10",beta,global_above_cutoff,1,logit,iterative,2018,1990,,6,,,,24920,0,0,0.001,4,120230
22,,,,/ihme/homes/annieb6/MRBeRT/2020_01_17/stage_1_est_ho5.csv,/ihme/homes/annieb6/AMR/typhi_paratyphi/datasets/mdr_typhi_national_ho5.csv,0.5,"1, 1","0.1, 0.005","0.2, 0.2",10,22,3,1,0,1,Proportion of MDR typhi,,,,mr_brt stg1 ho5,"10, 10",beta,global_above_cutoff,1,logit,iterative,2018,1990,,6,,,,24920,0,0,0.001,5,120233
22,,,,/ihme/homes/annieb6/AMR/typhi_paratyphi/stackers/2020_03_03_10/custom_stage1_df.csv,/ihme/homes/annieb6/AMR/typhi_paratyphi/datasets/MDR_typhi.csv,0.5,"1, 1","0.1, 0.005","0.2, 0.2",10,22,3,1,0,1,Proportion of MDR typhi,,,,new run,"10, 10",beta,global_above_cutoff,1,logit,iterative,2018,1990,,6,,,,24920,0,0,0.001,6,138185
22,,,,/ihme/homes/annieb6/AMR/typhi_paratyphi/stackers/2020_03_09_2/custom_stage1_df.csv,/ihme/homes/annieb6/AMR/typhi_paratyphi/datasets/MDR_typhi_over_50.csv,0.5,1,0.01,0.1,10,22,3,1,0,1,Proportion of MDR typhi,,,,"starting with mid range values, MDR Typhi with over 50 isolates",10,beta,global_above_cutoff,,logit,iterative,2018,1990,,6,,,,24920,0,0,0.001,7,138188
22,,,,/ihme/homes/annieb6/AMR/typhi_paratyphi/stackers/2020_03_09/custom_stage1_df.csv,/ihme/homes/annieb6/AMR/typhi_paratyphi/datasets/MDR_typhi.csv,0.5,1,0.01,0.1,10,22,3,1,0,1,Proportion of MDR typhi,,,,"starting with mid range values, MDR Typhi with over 10 isolates",10,beta,global_above_cutoff,,logit,iterative,2018,1990,,6,,,,24920,0,0,0.001,8,138191
22,,,,/ihme/homes/annieb6/AMR/typhi_paratyphi/stackers/2020_03_10/custom_stage1_df.csv,/ihme/homes/annieb6/AMR/typhi_paratyphi/datasets/MDR_typhi.csv,0.5,1,0.01,0.1,10,22,3,1,0,1,Proportion of MDR typhi,,,,"starting with mid range values, MDR Typhi with over 10 isolates",10,beta,global_above_cutoff,,logit,iterative,2018,1990,,6,,,,24920,0,0,0.001,9,138212
22,,,,/ihme/homes/annieb6/AMR/typhi_paratyphi/stackers/2020_03_09/custom_stage1_df.csv,/ihme/homes/annieb6/AMR/typhi_paratyphi/datasets/MDR_typhi.csv,0.5,1,0.01,0.05,10,22,3,1,0,1,Proportion of MDR typhi,,,,decreaseing lambda -> increased temporal smoothing,10,beta,global_above_cutoff,,logit,iterative,2018,1990,,6,,,,24920,0,0,0.001,10,138215
22,,,,/ihme/homes/annieb6/AMR/typhi_paratyphi/stackers/2020_03_09/custom_stage1_df.csv,/ihme/homes/annieb6/AMR/typhi_paratyphi/datasets/MDR_typhi.csv,2,1,0.1,0.05,10,22,3,1,0,1,Proportion of MDR typhi,,,,increase spatial smoothing (zeta) and gpr amplitude,10,beta,global_above_cutoff,,logit,iterative,2018,1990,,6,,,,24920,0,0,0.001,11,138224
22,,,,/ihme/homes/annieb6/AMR/typhi_paratyphi/stackers/2020_03_11_2/custom_stage1_df.csv,/ihme/homes/annieb6/AMR/typhi_paratyphi/datasets/MDR_typhi.csv,2,1,0.1,0.1,10,22,3,1,0,1,Proportion of MDR typhi,,,,"updated data through stackers, highest smoothing",10,beta,global_above_cutoff,,logit,iterative,2018,1990,,6,,,,24920,0,0,0.001,12,138245
22,,,,/ihme/homes/annieb6/AMR/typhi_paratyphi/stackers/2020_03_11_2/custom_stage1_df.csv,/ihme/homes/annieb6/AMR/typhi_paratyphi/datasets/MDR_typhi.csv,2,1,0.5,0.05,10,22,3,1,0,1,Proportion of MDR typhi,,,,"increased spatial smoothing further, decreased temporal slightly",10,beta,global_above_cutoff,,logit,iterative,2018,1990,,6,,,,24920,0,0,0.001,13,138248
22,,,,/ihme/homes/annieb6/AMR/typhi_paratyphi/stackers/2020_03_18_2/custom_stage1_df.csv,/ihme/homes/annieb6/AMR/typhi_paratyphi/datasets/MDR_typhi_outliered.csv,2,1,0.5,0.05,10,22,3,1,0,1,Proportion of MDR typhi,,,,"Starting with these parameters with new stackers, using GBM stacker",10,beta,global_above_cutoff,,logit,iterative,2018,1990,,6,,,,24920,0,0,0.001,14,138716
22,,,,/ihme/homes/annieb6/AMR/typhi_paratyphi/stackers/2020_03_18_4/custom_stage1_df.csv,/ihme/homes/annieb6/AMR/typhi_paratyphi/datasets/MDR_typhi_outliered.csv,2,1,0.5,0.05,10,22,3,1,0,1,Proportion of MDR typhi,,,,Same as above but using the CWM stacker,10,beta,global_above_cutoff,,logit,iterative,2018,1990,,6,,,,24920,0,0,0.001,15,138728
22,,,,/ihme/homes/annieb6/AMR/typhi_paratyphi/stackers/2020_03_18_2/custom_stage1_df.csv,/ihme/homes/annieb6/AMR/typhi_paratyphi/datasets/MDR_typhi_outliered.csv,5,1,0.1,0.05,10,22,3,1,0,1,Proportion of MDR typhi,,,,Increase GPR scale and amp and increase spatial smoothing,15,beta,global_above_cutoff,,logit,iterative,2018,1990,,6,,,,24920,0,0,0.001,16,138731
22,,,,/ihme/homes/annieb6/AMR/typhi_paratyphi/stackers/2020_03_18_4/custom_stage1_df.csv,/ihme/homes/annieb6/AMR/typhi_paratyphi/datasets/MDR_typhi_outliered.csv,5,1,0.5,0.01,10,22,3,1,0,1,Proportion of MDR typhi,,,,Increase GPR scale and amp and increase spatial smoothing and temporal smoothing add GPR cutoff as 10,15,beta,global_above_cutoff,,logit,iterative,2018,1990,,6,,,,24920,0,0,0.001,17,138734
22,,data ~ 1 + cv_anc4_coverage_prop + cv_dtp3_coverage_prop + cv_hospital_beds_per1000 + cv_ldi_pc + cv_mean_temperature + cv_sanitation_prop + cv_stunting_prop_haz_under_2sd + cv_intest_typhoid + cv_ddd_per_1000 + cv_J01C + cv_J01E + (1 | level_1/level_2/level_3),/ihme/homes/annieb6/covariates/centre_scaled_covs.csv,,/ihme/homes/annieb6/AMR/typhi_paratyphi/datasets/MDR_typhi_outliered.csv,5,1,0.5,0.01,10,22,3,1,0,1,Proportion of MDR typhi,,,,Increase GPR scale and amp and increase spatial smoothing and temporal smoothing add GPR cutoff as 10,15,beta,global_above_cutoff,,logit,iterative,2018,1990,,6,,,,24920,0,0,0.001,18,138776
22,,,,/ihme/homes/annieb6/AMR/typhi_paratyphi/stackers/2020_03_18_2/custom_stage1_df.csv,/ihme/homes/annieb6/AMR/typhi_paratyphi/datasets/MDR_typhi_outliered.csv,10,1,0.8,0.001,10,22,3,1,0,1,Proportion of MDR typhi,,,,Really high spatial and temporal smoothing out of interest,15,beta,global_above_cutoff,,logit,iterative,2018,1990,,6,,,,24920,0,0,0.001,19,138758
22,,,,/ihme/homes/annieb6/AMR/typhi_paratyphi/stackers/2020_03_18_2/custom_stage1_df.csv,/ihme/homes/annieb6/AMR/typhi_paratyphi/datasets/MDR_typhi_outliered.csv,10,1,0.8,1,10,22,3,1,0,1,Proportion of MDR typhi,,,,Just trying very low temporal smoothing,15,beta,global_above_cutoff,,logit,iterative,2018,1990,,6,,,,24920,0,0,0.001,20,138773
22,,,,/ihme/homes/annieb6/AMR/typhi_paratyphi/stackers/2020_03_18_4/custom_stage1_df.csv,/ihme/homes/annieb6/AMR/typhi_paratyphi/datasets/MDR_typhi_outliered.csv,10,1,0.5,0.1,5,22,3,1,0,1,Proportion of MDR typhi,,,,"CWM stacker, allow more GPR and higher spatial smoothing",15,beta,global_above_cutoff,,logit,iterative,2018,1990,,6,,,,24920,0,0,0.001,21,138779
22,,,,/ihme/homes/annieb6/AMR/typhi_paratyphi/stackers/2020_03_20/custom_stage1_df.csv,/ihme/homes/annieb6/AMR/typhi_paratyphi/datasets/MDR_typhi_outliered.csv,10,1,0.5,0.01,10,22,3,1,0,1,Proportion of MDR typhi,,,,trying with glmer 1st stg model,20,beta,global_above_cutoff,,logit,iterative,2018,1990,,6,,,,24920,0,0,0.001,22,138920
22,,,,/ihme/homes/annieb6/AMR/typhi_paratyphi/stackers/2020_03_18_4/custom_stage1_df.csv,/ihme/homes/annieb6/AMR/typhi_paratyphi/datasets/MDR_typhi_outliered.csv,10,1,0.01,0.01,5,22,3,1,0,1,Proportion of MDR typhi,,,,increased teporal and reduced spatial smoothing for comparison,15,beta,global_above_cutoff,,logit,iterative,2018,1990,,6,,,,24920,0,0,0.001,23,139205
22,,,,/ihme/homes/annieb6/AMR/typhi_paratyphi/stackers/2020_04_23_final/custom_stage1_df.csv,/ihme/homes/annieb6/AMR/typhi_paratyphi/datasets/MDR_typhi_outliered.csv,10,1,0.5,0.1,5,22,3,1,0,1,Proportion of MDR typhi,,,,"CWM stacker, allow more GPR and higher spatial smoothing",15,beta,global_above_cutoff,,logit,iterative,2018,1990,,6,,,,24920,0,0,0.001,24,147590
22,,,,/ihme/homes/annieb6/AMR/typhi_paratyphi/stackers/2020_05_14_4/custom_stage1_df.csv,/ihme/homes/annieb6/AMR/typhi_paratyphi/datasets/MDR_typhi_outliered.csv,10,1,0.1,0.1,5,22,3,1,0,1,Proportion of MDR typhi,,,,"RWM stacker, allow more GPR and higher spatial smoothing",15,beta,global_above_cutoff,,logit,iterative,2018,1990,,6,,,,24920,0,0,0.001,25,149099
22,,,,/ihme/homes/annieb6/AMR/typhi_paratyphi/stackers/2020_05_14_4/custom_stage1_df.csv,/ihme/homes/annieb6/AMR/typhi_paratyphi/datasets/MDR_typhi_outliered.csv,5,1,0.1,0.1,5,22,3,1,0,1,Proportion of MDR typhi,,,,Slightly less GPR,15,beta,global_above_cutoff,,logit,iterative,2018,1990,,6,,,,24920,0,0,0.001,26,149420
22,,,,/ihme/homes/annieb6/AMR/typhi_paratyphi/stackers/2020_05_15/custom_stage1_df.csv,/ihme/homes/annieb6/AMR/typhi_paratyphi/datasets/MDR_typhi_outliered_BC.csv,5,1,0.1,0.1,5,22,3,1,0,1,Proportion of MDR typhi,,,,Inlcude only blood culture isolates,15,beta,global_above_cutoff,,logit,iterative,2018,1990,,6,,,,24920,0,0,0.001,27,149423
22,,,,/ihme/homes/annieb6/AMR/typhi_paratyphi/stackers/2020_05_14_4/custom_stage1_df.csv,/ihme/homes/annieb6/AMR/typhi_paratyphi/datasets/MDR_typhi_outliered.csv,5,"1,1","0.5, 0.1","0.1, 0.1",5,22,3,1,0,1,Proportion of MDR typhi,,,,increase spatial smoothing for locations with less data,"15,15",beta,global_above_cutoff,3,logit,iterative,2018,1990,,6,,,,24920,0,0,0.001,28,149936
22,,,,/ihme/homes/annieb6/AMR/typhi_paratyphi/stackers/2020_05_14_4/custom_stage1_df.csv,/ihme/homes/annieb6/AMR/typhi_paratyphi/datasets/MDR_typhi_outliered.csv,5,1,0.01,0.1,5,22,3,1,0,1,Proportion of MDR typhi,,,,decrease spatial smoothing 10fold,15,beta,global_above_cutoff,,logit,iterative,2018,1990,,6,,,,24920,0,0,0.001,29,149939
22,,,,/ihme/homes/annieb6/AMR/typhi_paratyphi/stackers/2020_05_14_4/custom_stage1_df.csv,/ihme/homes/annieb6/AMR/typhi_paratyphi/datasets/MDR_typhi_outliered.csv,5,1,0.1,0.001,5,22,3,1,0,1,Proportion of MDR typhi,,,,increse temporal smoothing,15,beta,global_above_cutoff,,logit,iterative,2018,1990,,6,,,,24920,0,0,0.001,30,
22,,,,/ihme/homes/annieb6/AMR/typhi_paratyphi/stackers/2020_05_14_4/custom_stage1_df.csv,/ihme/homes/annieb6/AMR/typhi_paratyphi/datasets/MDR_typhi_outliered.csv,5,1,0.1,0.1,10,22,3,1,0,1,Proportion of MDR typhi,,,,increase GPR amp cutoff,15,beta,global_above_cutoff,,logit,iterative,2018,1990,,6,,,,24920,0,0,0.001,31,150131
22,,,,/ihme/homes/annieb6/AMR/typhi_paratyphi/stackers/2020_05_21/custom_stage1_df.csv,/ihme/homes/annieb6/AMR/typhi_paratyphi/datasets/MDR_typhi_outliered.csv,5,1,0.1,0.1,10,22,3,1,0,1,Proportion of MDR typhi,,,,added extra Laos data,10,beta,global_above_cutoff,,logit,iterative,2018,1990,,6,,,,24920,0,0,0.001,32,150560
22,,,,/ihme/homes/annieb6/AMR/typhi_paratyphi/stackers/2020_05_21/custom_stage1_df.csv,/ihme/homes/annieb6/AMR/typhi_paratyphi/datasets/MDR_typhi_outliered.csv,2,1,0.1,0.1,10,22,3,1,0,1,Proportion of MDR typhi,,,,reduce gpr amp,15,beta,global_above_cutoff,,logit,iterative,2018,1990,,6,,,,24920,0,0,0.001,33,150569
22,,,,/ihme/homes/annieb6/AMR/typhi_paratyphi/stackers/2020_05_26/custom_stage1_df.csv,/ihme/homes/annieb6/AMR/typhi_paratyphi/datasets/FQNS_typhi.csv,2,1,0.1,0.1,10,22,3,1,0,1,Proportion of FQNS typhi,,,,initial FQNS typi run,15,beta,global_above_cutoff,,logit,iterative,2018,1990,,6,,,,24920,0,0,0.001,34,150971
22,,,,/ihme/homes/annieb6/AMR/typhi_paratyphi/stackers/2020_06_25-J01M/custom_stage1_df.csv,/ihme/homes/annieb6/AMR/typhi_paratyphi/datasets/FQNS_typhi.csv,2,1,0.1,0.1,10,22,3,1,0,1,Proportion of FQNS typhi,,,,Filtered down the covariates and working on stackers,15,beta,global_above_cutoff,,logit,iterative,2018,1990,,6,,,,24920,0,0,0.001,35,153116
22,,,,/ihme/homes/annieb6/AMR/typhi_paratyphi/stackers/2020_06_25-J01M/custom_stage1_df.csv,/ihme/homes/annieb6/AMR/typhi_paratyphi/datasets/FQNS_typhi.csv,0.5,1,0.1,0.1,10,22,3,1,0,1,Proportion of FQNS typhi,,,,less GPR,15,beta,global_above_cutoff,,logit,iterative,2018,1990,,6,,,,24920,0,0,0.001,36,153146
22,,,,/ihme/homes/annieb6/AMR/typhi_paratyphi/stackers/2020_06_25-J01M/custom_stage1_df.csv,/ihme/homes/annieb6/AMR/typhi_paratyphi/datasets/FQNS_typhi.csv,1,1,0.1,0.1,10,22,3,1,0,1,Proportion of FQNS typhi,,,,medium GPR & 100 draws,15,beta,global_above_cutoff,,logit,iterative,2018,1990,,6,,,,24920,100,0,0.001,37,153149
22,,,,/ihme/homes/annieb6/AMR/typhi_paratyphi/stackers/2020_07_01-DDD+J01C/custom_stage1_df.csv,/ihme/homes/annieb6/AMR/typhi_paratyphi/datasets/MDR_typhi_outliered.csv,1,1,0.1,0.1,10,22,3,1,0,1,Proportion of MDR typhi,,,,new stackers,15,beta,global_above_cutoff,,logit,iterative,2018,1990,,6,,,,24920,100,0,0.001,38,
22,,,,/ihme/homes/annieb6/AMR/typhi_paratyphi/stackers/custom_stage1_2020_07_09.csv,/ihme/homes/annieb6/AMR/typhi_paratyphi/datasets/MDR_typhi_outliered_over5.csv,1,1,0.1,0.1,10,22,3,1,0,1,Proportion of MDR typhi,,,,stackers splitting sSA and the rest of the endemic region,15,beta,global_above_cutoff,,logit,iterative,2018,1990,,6,,,,24920,100,0,0.001,39,153467
22,,,,/ihme/homes/annieb6/AMR/typhi_paratyphi/stackers/custom_stage1_2020_07_09.csv,/ihme/homes/annieb6/AMR/typhi_paratyphi/datasets/MDR_typhi_outliered_over5.csv,5,1,0.1,0.1,10,22,3,1,0,1,Proportion of MDR typhi,,,,increase GPR AMP,15,beta,global_above_cutoff,,logit,iterative,2018,1990,,6,,,,24920,100,0,0.001,40,153470
22,,,,/ihme/homes/annieb6/AMR/typhi_paratyphi/stackers/custom_stage1_2020_07_09.csv,/ihme/homes/annieb6/AMR/typhi_paratyphi/datasets/MDR_typhi_outliered_over5.csv,2,1,0.1,0.1,10,22,3,1,0,1,Proportion of MDR typhi,,,,mid GPR,15,beta,global_above_cutoff,,logit,iterative,2018,1990,,6,,,,24920,100,0,0.001,41,153473
22,,,,/ihme/homes/annieb6/AMR/typhi_paratyphi/stackers/custom_stage1_2020_07_09.csv,/ihme/homes/annieb6/AMR/typhi_paratyphi/datasets/MDR_typhi_outliered_over5.csv,2,1,0.05,0.1,10,22,3,1,0,1,Proportion of MDR typhi,,,,decrease spatial smoothing a little,15,beta,global_above_cutoff,,logit,iterative,2018,1990,,6,,,,24920,100,0,0.001,42,153476
22,,,,/ihme/homes/annieb6/AMR/typhi_paratyphi/stackers/custom_stage1_2020_07_09.csv,/ihme/homes/annieb6/AMR/typhi_paratyphi/datasets/MDR_typhi_outliered_over5.csv,2,1,0.005,0.1,10,22,3,1,0,1,Proportion of MDR typhi,,,,decrease spatial smoothing a lots,15,beta,global_above_cutoff,,logit,iterative,2018,1990,,6,,,,24920,0,0,0.001,43,153479
22,,,,/ihme/homes/annieb6/AMR/typhi_paratyphi/stackers/custom_stage1_2020_07_09.csv,/ihme/homes/annieb6/AMR/typhi_paratyphi/datasets/MDR_typhi_outliered_over5.csv,2,1,0.01,0.1,10,22,3,1,0,1,Proportion of MDR typhi,,,,decrease spatial smoothing a lots,15,beta,global_above_cutoff,,logit,iterative,2018,1990,,6,,,,24920,0,0,0.001,44,153482
22,,,,/ihme/homes/annieb6/AMR/typhi_paratyphi/stackers/custom_stage1_2020_07_09.csv,/ihme/homes/annieb6/AMR/typhi_paratyphi/datasets/MDR_typhi_outliered_over5.csv,2,"1,1,1","0.1,0.01,0.005","0.1, 0.1,0.1",10,22,3,1,0,1,Proportion of MDR typhi,,,,specify spatial smoothing by density,"15,15,15",beta,global_above_cutoff,"1,10",logit,iterative,2018,1990,,6,,,,24920,0,0,0.001,45,153488
22,,,,/ihme/homes/annieb6/AMR/typhi_paratyphi/stackers/custom_stage1_2020_07_09.csv,/ihme/homes/annieb6/AMR/typhi_paratyphi/datasets/MDR_typhi_outliered_over5.csv,2,"1,1,1","0.1,0.01,0.005","0.5,0.5,0.5",10,22,3,1,0,1,Proportion of MDR typhi,,,,investigating temporal smoothing,"15,15,15",beta,global_above_cutoff,"1,10",logit,iterative,2018,1990,,6,,,,24920,0,0,0.001,46,153491
22,,,,/ihme/homes/annieb6/AMR/typhi_paratyphi/stackers/custom_stage1_2020_07_09.csv,/ihme/homes/annieb6/AMR/typhi_paratyphi/datasets/MDR_typhi_outliered_over5.csv,2,"1,1,1","0.1,0.01,0.005","0.05,0.05,0.05",10,22,3,1,0,1,Proportion of MDR typhi,,,,investigating temporal smoothing,"15,15,15",beta,global_above_cutoff,"1,10",logit,iterative,2018,1990,,6,,,,24920,0,0,0.001,47,153494
22,,,,/ihme/homes/annieb6/AMR/typhi_paratyphi/stackers/custom_stage1_2020_07_09.csv,/ihme/homes/annieb6/AMR/typhi_paratyphi/datasets/MDR_typhi_outliered_over5.csv,2,"1,1,1","0.1,0.01,0.005","0.25, 0.25, 0.25",10,22,3,1,0,1,Proportion of MDR typhi,,,,investigating temporal smoothing,"15,15,15",beta,global_above_cutoff,"1,10",logit,iterative,2018,1990,,6,,,,24920,0,0,0.001,48,153509
22,,,,/ihme/homes/annieb6/AMR/typhi_paratyphi/stackers/custom_stage1_2020_07_09.csv,/ihme/homes/annieb6/AMR/typhi_paratyphi/datasets/MDR_typhi_outliered_over5.csv,2,"1,1,1","0.1,0.01,0.005","0.1, 0.1, 0.25",10,22,3,1,0,1,Proportion of MDR typhi,,,,selected temporal and spatial weights by data density,"15,15,15",beta,global_above_cutoff,"3,10",logit,iterative,2018,1990,,6,,,,24920,0,0,0.001,49,153512
22,,,,/ihme/homes/annieb6/AMR/typhi_paratyphi/stackers/custom_stage1_2020_07_09.csv,/ihme/homes/annieb6/AMR/typhi_paratyphi/datasets/MDR_typhi_outliered_over5.csv,1,"1,1,1","0.1,0.01,0.005","0.1, 0.1, 0.25",10,22,3,1,0,1,Proportion of MDR typhi,,,,investigate gpr parameters,"15,15,15",beta,global_above_cutoff,"3,10",logit,iterative,2018,1990,,6,,,,24920,0,0,0.001,50,153515
22,,,,/ihme/homes/annieb6/AMR/typhi_paratyphi/stackers/custom_stage1_2020_07_09.csv,/ihme/homes/annieb6/AMR/typhi_paratyphi/datasets/MDR_typhi_outliered_over5.csv,5,"1,1,1","0.1,0.01,0.005","0.1, 0.1, 0.25",10,22,3,1,0,1,Proportion of MDR typhi,,,,investigate gpr parameters,"15,15,15",beta,global_above_cutoff,"3,10",logit,iterative,2018,1990,,6,,,,24920,0,0,0.001,51,153545
22,,,,/ihme/homes/annieb6/AMR/typhi_paratyphi/stackers/custom_stage1_2020_07_09.csv,/ihme/homes/annieb6/AMR/typhi_paratyphi/datasets/MDR_typhi_outliered_over5.csv,2,"1,1,1","0.1,0.01,0.005","0.1, 0.1, 0.25",10,22,3,1,0,1,Proportion of MDR typhi,,,,selected temporal and spatial weights by data density,"5,5,5",beta,global_above_cutoff,"3,10",logit,iterative,2018,1990,,6,,,,24920,0,0,0.001,52,153548
22,,,,/ihme/homes/annieb6/AMR/typhi_paratyphi/stackers/custom_stage1_2020_07_09.csv,/ihme/homes/annieb6/AMR/typhi_paratyphi/datasets/MDR_typhi_outliered_over5.csv,2,"1,1,1","0.1,0.01,0.005","0.1, 0.1, 0.25",10,22,3,1,0,1,Proportion of MDR typhi,,,,selected temporal and spatial weights by data density,"25,25,25",beta,global_above_cutoff,"3,10",logit,iterative,2018,1990,,6,,,,24920,0,0,0.001,53,153551
22,,,,/ihme/homes/annieb6/AMR/typhi_paratyphi/stackers/custom_stage1_2020_07_10.csv,/ihme/homes/annieb6/AMR/typhi_paratyphi/datasets/MDR_typhi_outliered_over5.csv,2,"1,1,1","0.1,0.01,0.005","0.1, 0.1, 0.25",10,22,3,1,0,1,Proportion of MDR typhi,,,,moved SDN to sSA for stackers,"25,25,25",beta,global_above_cutoff,"3,10",logit,iterative,2018,1990,,6,,,,24920,0,0,0.001,54,153557
22,,,,/ihme/homes/annieb6/AMR/typhi_paratyphi/stackers/custom_stage1_2020_07_10_CWM.csv,/ihme/homes/annieb6/AMR/typhi_paratyphi/datasets/MDR_typhi_outliered_over5.csv,2,"1,1,1","0.1,0.01,0.005","0.1, 0.1, 0.25",10,22,3,1,0,1,Proportion of MDR typhi,,,,Same model with CWM stacker,"25,25,25",beta,global_above_cutoff,"3,10",logit,iterative,2018,1990,,6,,,,24920,0,0,0.001,55,153560
22,,,,/ihme/homes/annieb6/AMR/typhi_paratyphi/stackers/custom_stage1_2020_07_10_GLM.csv,/ihme/homes/annieb6/AMR/typhi_paratyphi/datasets/MDR_typhi_outliered_over5.csv,2,"1,1,1","0.1,0.01,0.005","0.1, 0.1, 0.25",10,22,3,1,0,1,Proportion of MDR typhi,,,,Same model with GLM stacker,"25,25,25",beta,global_above_cutoff,"3,10",logit,iterative,2018,1990,,6,,,,24920,0,0,0.001,56,153566
22,,,,/ihme/homes/annieb6/AMR/typhi_paratyphi/stackers/holdouts/2020_07_10/custom_stage1_h1.csv,/ihme/homes/annieb6/AMR/typhi_paratyphi/stackers/holdouts/2020_07_10/input_data_h1.csv,2,"1,1,1","0.1,0.01,0.005","0.1, 0.1, 0.25",10,22,3,1,0,1,Proportion of MDR typhi,,,,Selected model with holdouts,"25,25,25",beta,global_above_cutoff,"3,10",logit,iterative,2018,1990,,6,,,,24920,0,0,0.001,57,153593
22,,,,/ihme/homes/annieb6/AMR/typhi_paratyphi/stackers/holdouts/2020_07_10/custom_stage1_h2.csv,/ihme/homes/annieb6/AMR/typhi_paratyphi/stackers/holdouts/2020_07_10/input_data_h2.csv,2,"1,1,1","0.1,0.01,0.005","0.1, 0.1, 0.25",10,22,3,1,0,1,Proportion of MDR typhi,,,,Selected model with holdouts,"25,25,25",beta,global_above_cutoff,"3,10",logit,iterative,2018,1990,,6,,,,24920,0,0,0.001,58,153596
22,,,,/ihme/homes/annieb6/AMR/typhi_paratyphi/stackers/holdouts/2020_07_10/custom_stage1_h3.csv,/ihme/homes/annieb6/AMR/typhi_paratyphi/stackers/holdouts/2020_07_10/input_data_h3.csv,2,"1,1,1","0.1,0.01,0.005","0.1, 0.1, 0.25",10,22,3,1,0,1,Proportion of MDR typhi,,,,Selected model with holdouts,"25,25,25",beta,global_above_cutoff,"3,10",logit,iterative,2018,1990,,6,,,,24920,0,0,0.001,59,153599
22,,,,/ihme/homes/annieb6/AMR/typhi_paratyphi/stackers/holdouts/2020_07_10/custom_stage1_h4.csv,/ihme/homes/annieb6/AMR/typhi_paratyphi/stackers/holdouts/2020_07_10/input_data_h4.csv,2,"1,1,1","0.1,0.01,0.005","0.1, 0.1, 0.25",10,22,3,1,0,1,Proportion of MDR typhi,,,,Selected model with holdouts,"25,25,25",beta,global_above_cutoff,"3,10",logit,iterative,2018,1990,,6,,,,24920,0,0,0.001,60,153602
22,,,,/ihme/homes/annieb6/AMR/typhi_paratyphi/stackers/holdouts/2020_07_10/custom_stage1_h5.csv,/ihme/homes/annieb6/AMR/typhi_paratyphi/stackers/holdouts/2020_07_10/input_data_h5.csv,2,"1,1,1","0.1,0.01,0.005","0.1, 0.1, 0.25",10,22,3,1,0,1,Proportion of MDR typhi,,,,Selected model with holdouts,"25,25,25",beta,global_above_cutoff,"3,10",logit,iterative,2018,1990,,6,,,,24920,0,0,0.001,61,153605
22,,,,/ihme/homes/annieb6/AMR/typhi_paratyphi/stackers/2020_07_13/custom_stage1_df.csv,/ihme/homes/annieb6/AMR/typhi_paratyphi/datasets/FQNS_typhi_over5.csv,2,"1,1,1","0.1,0.01,0.005","0.1, 0.1, 0.25",10,22,3,1,0,1,Proportion of FQNS typhi,,,,Run the final MDR parameters of FQNS,"25,25,25",beta,global_above_cutoff,"3,10",logit,iterative,2018,1990,,6,,,,24920,0,0,0.001,62,153812
22,,,,/ihme/homes/annieb6/AMR/typhi_paratyphi/stackers/2020_07_13/custom_stage1_df.csv,/ihme/homes/annieb6/AMR/typhi_paratyphi/datasets/FQNS_typhi_over5.csv,1,1,0.01,0.1,10,22,3,1,0,1,Proportion of FQNS typhi,,,,investigate ST parameters. Set as middle,25,beta,global_above_cutoff,,logit,iterative,2018,1990,,6,,,,24920,0,0,0.001,63,153815
22,,,,/ihme/homes/annieb6/AMR/typhi_paratyphi/stackers/2020_07_13/custom_stage1_df.csv,/ihme/homes/annieb6/AMR/typhi_paratyphi/datasets/FQNS_typhi_over5.csv,1,1,0.1,0.1,10,22,3,1,0,1,Proportion of FQNS typhi,,,,spatial first - increase,25,beta,global_above_cutoff,,logit,iterative,2018,1990,,6,,,,24920,0,0,0.001,64,153818
22,,,,/ihme/homes/annieb6/AMR/typhi_paratyphi/stackers/2020_07_13/custom_stage1_df.csv,/ihme/homes/annieb6/AMR/typhi_paratyphi/datasets/FQNS_typhi_over5.csv,1,1,0.001,0.1,10,22,3,1,0,1,Proportion of FQNS typhi,,,,spatial first - decrease,25,beta,global_above_cutoff,,logit,iterative,2018,1990,,6,,,,24920,0,0,0.001,65,153821
22,,,,/ihme/homes/annieb6/AMR/typhi_paratyphi/stackers/2020_07_13/custom_stage1_df.csv,/ihme/homes/annieb6/AMR/typhi_paratyphi/datasets/FQNS_typhi_over5.csv,1,1,0.1,0.05,10,22,3,1,0,1,Proportion of FQNS typhi,,,,temporal smoothing params,25,beta,global_above_cutoff,,logit,iterative,2018,1990,,6,,,,24920,0,0,0.001,66,153824
22,,,,/ihme/homes/annieb6/AMR/typhi_paratyphi/stackers/2020_07_13/custom_stage1_df.csv,/ihme/homes/annieb6/AMR/typhi_paratyphi/datasets/FQNS_typhi_over5.csv,1,1,0.1,0.5,10,22,3,1,0,1,Proportion of FQNS typhi,,,,temporal smoothing params,25,beta,global_above_cutoff,,logit,iterative,2018,1990,,6,,,,24920,0,0,0.001,67,153827
22,,,,/ihme/homes/annieb6/AMR/typhi_paratyphi/stackers/2020_07_13/custom_stage1_df.csv,/ihme/homes/annieb6/AMR/typhi_paratyphi/datasets/FQNS_typhi_over5.csv,1,"1,1","0.1,0.1","0.05, 0.1",5,22,3,1,0,1,Proportion of FQNS typhi,,,,change GPR amp cutoff (virtually no difference),"25,25",beta,global_above_cutoff,3,logit,iterative,2018,1990,,6,,,,24920,0,0,0.001,68,153830
22,,,,/ihme/homes/annieb6/AMR/typhi_paratyphi/stackers/2020_07_13/custom_stage1_df.csv,/ihme/homes/annieb6/AMR/typhi_paratyphi/datasets/FQNS_typhi_over5.csv,2,"1,1","0.1,0.1","0.05, 0.1",10,22,3,1,0,1,Proportion of FQNS typhi,,,,increase GPR amplitude,"25,25",beta,global_above_cutoff,3,logit,iterative,2018,1990,,6,,,,24920,0,0,0.001,69,153833
22,,,,/ihme/homes/annieb6/AMR/typhi_paratyphi/stackers/2020_07_13/custom_stage1_df.csv,/ihme/homes/annieb6/AMR/typhi_paratyphi/datasets/FQNS_typhi_over5.csv,5,"1,1","0.1,0.1","0.05, 0.1",10,22,3,1,0,1,Proportion of FQNS typhi,,,,increase GPR amplitude further (just for comparison),"25,25",beta,global_above_cutoff,3,logit,iterative,2018,1990,,6,,,,24920,0,0,0.001,70,153836
22,,,,/ihme/homes/annieb6/AMR/typhi_paratyphi/stackers/holdouts/2020_07_13/holdout_1/custom_stage1_df.csv,/ihme/homes/annieb6/AMR/typhi_paratyphi/stackers/holdouts/2020_07_13/input_data_h1.csv,2,"1,1","0.1,0.1","0.05, 0.1",10,22,3,1,0,1,Proportion of FQNS typhi,,,,final model with holdouts,"25,25",beta,global_above_cutoff,3,logit,iterative,2018,1990,,6,,,,24920,0,0,0.001,71,153845
22,,,,/ihme/homes/annieb6/AMR/typhi_paratyphi/stackers/holdouts/2020_07_13/holdout_2/custom_stage1_df.csv,/ihme/homes/annieb6/AMR/typhi_paratyphi/stackers/holdouts/2020_07_13/input_data_h2.csv,2,"1,1","0.1,0.1","0.05, 0.1",10,22,3,1,0,1,Proportion of FQNS typhi,,,,final model with holdouts,"25,25",beta,global_above_cutoff,3,logit,iterative,2018,1990,,6,,,,24920,0,0,0.001,72,153848
22,,,,/ihme/homes/annieb6/AMR/typhi_paratyphi/stackers/holdouts/2020_07_13/holdout_3/custom_stage1_df.csv,/ihme/homes/annieb6/AMR/typhi_paratyphi/stackers/holdouts/2020_07_13/input_data_h3.csv,2,"1,1","0.1,0.1","0.05, 0.1",10,22,3,1,0,1,Proportion of FQNS typhi,,,,final model with holdouts,"25,25",beta,global_above_cutoff,3,logit,iterative,2018,1990,,6,,,,24920,0,0,0.001,73,153851
22,,,,/ihme/homes/annieb6/AMR/typhi_paratyphi/stackers/holdouts/2020_07_13/holdout_4/custom_stage1_df.csv,/ihme/homes/annieb6/AMR/typhi_paratyphi/stackers/holdouts/2020_07_13/input_data_h4.csv,2,"1,1","0.1,0.1","0.05, 0.1",10,22,3,1,0,1,Proportion of FQNS typhi,,,,final model with holdouts,"25,25",beta,global_above_cutoff,3,logit,iterative,2018,1990,,6,,,,24920,0,0,0.001,74,153854
22,,,,/ihme/homes/annieb6/AMR/typhi_paratyphi/stackers/holdouts/2020_07_13/holdout_5/custom_stage1_df.csv,/ihme/homes/annieb6/AMR/typhi_paratyphi/stackers/holdouts/2020_07_13/input_data_h5.csv,2,"1,1","0.1,0.1","0.05, 0.1",10,22,3,1,0,1,Proportion of FQNS typhi,,,,final model with holdouts,"25,25",beta,global_above_cutoff,3,logit,iterative,2018,1990,,6,,,,24920,0,0,0.001,75,153857
22,,,,/ihme/homes/annieb6/AMR/typhi_paratyphi/stackers/holdouts/2020_07_13_MDR/custom_stage1_h1.csv,/ihme/homes/annieb6/AMR/typhi_paratyphi/stackers/holdouts/2020_07_13_MDR/input_data_h1.csv,2,"1,1,1","0.1,0.01,0.005","0.1, 0.1, 0.25",10,22,3,1,0,1,Proportion of MDR typhi,,,,Selected model with holdouts,"25,25,25",beta,global_above_cutoff,"3,10",logit,iterative,2018,1990,,6,,,,24920,0,0,0.001,76,153860
22,,,,/ihme/homes/annieb6/AMR/typhi_paratyphi/stackers/holdouts/2020_07_13_MDR/custom_stage1_h2.csv,/ihme/homes/annieb6/AMR/typhi_paratyphi/stackers/holdouts/2020_07_13_MDR/input_data_h2.csv,2,"1,1,1","0.1,0.01,0.005","0.1, 0.1, 0.25",10,22,3,1,0,1,Proportion of MDR typhi,,,,Selected model with holdouts,"25,25,25",beta,global_above_cutoff,"3,10",logit,iterative,2018,1990,,6,,,,24920,0,0,0.001,77,153863
22,,,,/ihme/homes/annieb6/AMR/typhi_paratyphi/stackers/holdouts/2020_07_13_MDR/custom_stage1_h3.csv,/ihme/homes/annieb6/AMR/typhi_paratyphi/stackers/holdouts/2020_07_13_MDR/input_data_h3.csv,2,"1,1,1","0.1,0.01,0.005","0.1, 0.1, 0.25",10,22,3,1,0,1,Proportion of MDR typhi,,,,Selected model with holdouts,"25,25,25",beta,global_above_cutoff,"3,10",logit,iterative,2018,1990,,6,,,,24920,0,0,0.001,78,153866
22,,,,/ihme/homes/annieb6/AMR/typhi_paratyphi/stackers/holdouts/2020_07_13_MDR/custom_stage1_h4.csv,/ihme/homes/annieb6/AMR/typhi_paratyphi/stackers/holdouts/2020_07_13_MDR/input_data_h4.csv,2,"1,1,1","0.1,0.01,0.005","0.1, 0.1, 0.25",10,22,3,1,0,1,Proportion of MDR typhi,,,,Selected model with holdouts,"25,25,25",beta,global_above_cutoff,"3,10",logit,iterative,2018,1990,,6,,,,24920,0,0,0.001,79,153869
22,,,,/ihme/homes/annieb6/AMR/typhi_paratyphi/stackers/holdouts/2020_07_13_MDR/custom_stage1_h5.csv,/ihme/homes/annieb6/AMR/typhi_paratyphi/stackers/holdouts/2020_07_13_MDR/input_data_h5.csv,2,"1,1,1","0.1,0.01,0.005","0.1, 0.1, 0.25",10,22,3,1,0,1,Proportion of MDR typhi,,,,Selected model with holdouts,"25,25,25",beta,global_above_cutoff,"3,10",logit,iterative,2018,1990,,6,,,,24920,0,0,0.001,80,153872
22,,,,/ihme/homes/annieb6/AMR/typhi_paratyphi/stackers/2020_07_14_MDR_Paratyphi/custom_stage1_df.csv,/ihme/homes/annieb6/AMR/typhi_paratyphi/datasets/MDR_paratyphi_outliered.csv,1,1,0.01,0.1,10,22,3,1,0,1,Proportion of MDR Paratyphi,,,,"initial MDR paratyphi run, mid parameters",25,beta,global_above_cutoff,,logit,iterative,2018,1990,,6,,,,24920,0,0,0.001,81,154073
22,,,,/ihme/homes/annieb6/AMR/typhi_paratyphi/stackers/2020_07_14_MDR_Paratyphi/custom_stage1_df.csv,/ihme/homes/annieb6/AMR/typhi_paratyphi/datasets/MDR_paratyphi_outliered.csv,1,1,0.1,0.1,10,22,3,1,0,1,Proportion of MDR Paratyphi,,,,increase spatial smoothing,25,beta,global_above_cutoff,,logit,iterative,2018,1990,,6,,,,24920,0,0,0.001,82,154076
22,,,,/ihme/homes/annieb6/AMR/typhi_paratyphi/stackers/2020_07_14_MDR_Paratyphi/custom_stage1_df.csv,/ihme/homes/annieb6/AMR/typhi_paratyphi/datasets/MDR_paratyphi_outliered.csv,1,1,0.1,0.05,10,22,3,1,0,1,Proportion of MDR Paratyphi,,,,increase temporal smoothing,25,beta,global_above_cutoff,,logit,iterative,2018,1990,,6,,,,24920,0,0,0.001,83,154079
22,,,,/ihme/homes/annieb6/AMR/typhi_paratyphi/stackers/2020_07_14_FQNS_Typhi/custom_stage1_df.csv,/ihme/homes/annieb6/AMR/typhi_paratyphi/datasets/FQNS_typhi_outliered.csv,2,"1,1","0.1,0.1","0.05, 0.1",10,22,3,1,0,1,Proportion of FQNS typhi,,,,"final model, outliered data","25,25",beta,global_above_cutoff,3,logit,iterative,2018,1990,,6,,,,24920,0,0,0.001,84,154094
22,,,,/ihme/homes/annieb6/AMR/typhi_paratyphi/stackers/holdouts/2020_07_14/holdout_1/custom_stage1_df.csv,/ihme/homes/annieb6/AMR/typhi_paratyphi/stackers/holdouts/2020_07_14/input_data_h1.csv,2,"1,1","0.1,0.1","0.05, 0.1",10,22,3,1,0,1,Proportion of FQNS typhi,,,,"final model with holdouts, outliered data","25,25",beta,global_above_cutoff,3,logit,iterative,2018,1990,,6,,,,24920,0,0,0.001,85,154115
22,,,,/ihme/homes/annieb6/AMR/typhi_paratyphi/stackers/holdouts/2020_07_14/holdout_2/custom_stage1_df.csv,/ihme/homes/annieb6/AMR/typhi_paratyphi/stackers/holdouts/2020_07_14/input_data_h2.csv,2,"1,1","0.1,0.1","0.05, 0.1",10,22,3,1,0,1,Proportion of FQNS typhi,,,,"final model with holdouts, outliered data","25,25",beta,global_above_cutoff,3,logit,iterative,2018,1990,,6,,,,24920,0,0,0.001,86,154118
22,,,,/ihme/homes/annieb6/AMR/typhi_paratyphi/stackers/holdouts/2020_07_14/holdout_3/custom_stage1_df.csv,/ihme/homes/annieb6/AMR/typhi_paratyphi/stackers/holdouts/2020_07_14/input_data_h3.csv,2,"1,1","0.1,0.1","0.05, 0.1",10,22,3,1,0,1,Proportion of FQNS typhi,,,,"final model with holdouts, outliered data","25,25",beta,global_above_cutoff,3,logit,iterative,2018,1990,,6,,,,24920,0,0,0.001,87,154121
22,,,,/ihme/homes/annieb6/AMR/typhi_paratyphi/stackers/holdouts/2020_07_14/holdout_4/custom_stage1_df.csv,/ihme/homes/annieb6/AMR/typhi_paratyphi/stackers/holdouts/2020_07_14/input_data_h4.csv,2,"1,1","0.1,0.1","0.05, 0.1",10,22,3,1,0,1,Proportion of FQNS typhi,,,,"final model with holdouts, outliered data","25,25",beta,global_above_cutoff,3,logit,iterative,2018,1990,,6,,,,24920,0,0,0.001,88,154124
22,,,,/ihme/homes/annieb6/AMR/typhi_paratyphi/stackers/holdouts/2020_07_14/holdout_5/custom_stage1_df.csv,/ihme/homes/annieb6/AMR/typhi_paratyphi/stackers/holdouts/2020_07_14/input_data_h5.csv,2,"1,1","0.1,0.1","0.05, 0.1",10,22,3,1,0,1,Proportion of FQNS typhi,,,,"final model with holdouts, outliered data","25,25",beta,global_above_cutoff,3,logit,iterative,2018,1990,,6,,,,24920,0,0,0.001,89,154127
22,,,,/ihme/homes/annieb6/AMR/typhi_paratyphi/stackers/2020_07_14_MDR_Paratyphi_selecting_stacker/custom_stage1_df.csv,/ihme/homes/annieb6/AMR/typhi_paratyphi/datasets/MDR_paratyphi_outliered.csv,1,1,0.1,0.05,10,22,3,1,0,1,Proportion of MDR Paratyphi,,,,with previous GBM stacker,25,beta,global_above_cutoff,,logit,iterative,2018,1990,,6,,,,24920,0,0,0.001,90,155129
22,,,,/ihme/homes/annieb6/AMR/typhi_paratyphi/stackers/2020_07_14_MDR_Paratyphi_selecting_stacker/custom_stage1_df.csv,/ihme/homes/annieb6/AMR/typhi_paratyphi/datasets/MDR_paratyphi_outliered.csv,1,1,0.5,0.05,10,22,3,1,0,1,Proportion of MDR Paratyphi,,,,increase spatial smoothing,25,beta,global_above_cutoff,,logit,iterative,2018,1990,,6,,,,24920,0,0,0.001,91,155138
22,,,,/ihme/homes/annieb6/AMR/typhi_paratyphi/stackers/2020_07_14_MDR_Paratyphi_selecting_stacker/custom_stage1_df.csv,/ihme/homes/annieb6/AMR/typhi_paratyphi/datasets/MDR_paratyphi_outliered.csv,1,1,0.5,0.01,10,22,3,1,0,1,Proportion of MDR Paratyphi,,,,increase spatial smoothing,25,beta,global_above_cutoff,,logit,iterative,2018,1990,,6,,,,24920,0,0,0.001,92,155141
22,,,,/ihme/homes/annieb6/AMR/typhi_paratyphi/stackers/2020_07_16_MDR_Paratyphi/custom_stage1_df.csv,/ihme/homes/annieb6/AMR/typhi_paratyphi/datasets/MDR_paratyphi_outliered.csv,1,1,0.5,0.01,10,22,3,1,0,1,Proportion of MDR Paratyphi,,,,couldn’t get the stackers to be reproducable so changes. Now modelling logit RF and stacking with GB<,25,beta,global_above_cutoff,,logit,iterative,2018,1990,,6,,,,24920,0,0,0.001,93,155159
22,,,,/ihme/homes/annieb6/AMR/typhi_paratyphi/stackers/2020_07_16_MDR_Paratyphi/custom_stage1_df.csv,/ihme/homes/annieb6/AMR/typhi_paratyphi/datasets/MDR_paratyphi_outliered.csv,5,1,0.5,0.01,10,22,3,1,0,1,Proportion of MDR Paratyphi,,,,add more GPR,25,beta,global_above_cutoff,,logit,iterative,2018,1990,,6,,,,24920,0,0,0.001,94,155183
22,,,,/ihme/homes/annieb6/AMR/typhi_paratyphi/stackers/holdouts/2020_07_17/holdout_1/custom_stage1_df.csv,/ihme/homes/annieb6/AMR/typhi_paratyphi/stackers/holdouts/2020_07_17/input_data_h1.csv,5,1,0.5,0.01,10,22,3,1,0,1,Proportion of MDR Paratyphi,,,,run with holdouts,25,beta,global_above_cutoff,,logit,iterative,2018,1990,,6,,,,24920,0,0,0.001,95,155453
22,,,,/ihme/homes/annieb6/AMR/typhi_paratyphi/stackers/holdouts/2020_07_17/holdout_2/custom_stage1_df.csv,/ihme/homes/annieb6/AMR/typhi_paratyphi/stackers/holdouts/2020_07_17/input_data_h2.csv,5,1,0.5,0.01,10,22,3,1,0,1,Proportion of MDR Paratyphi,,,,run with holdouts,25,beta,global_above_cutoff,,logit,iterative,2018,1990,,6,,,,24920,0,0,0.001,96,155456
22,,,,/ihme/homes/annieb6/AMR/typhi_paratyphi/stackers/holdouts/2020_07_17/holdout_3/custom_stage1_df.csv,/ihme/homes/annieb6/AMR/typhi_paratyphi/stackers/holdouts/2020_07_17/input_data_h3.csv,5,1,0.5,0.01,10,22,3,1,0,1,Proportion of MDR Paratyphi,,,,run with holdouts,25,beta,global_above_cutoff,,logit,iterative,2018,1990,,6,,,,24920,0,0,0.001,97,155459
22,,,,/ihme/homes/annieb6/AMR/typhi_paratyphi/stackers/holdouts/2020_07_17/holdout_4/custom_stage1_df.csv,/ihme/homes/annieb6/AMR/typhi_paratyphi/stackers/holdouts/2020_07_17/input_data_h4.csv,5,1,0.5,0.01,10,22,3,1,0,1,Proportion of MDR Paratyphi,,,,run with holdouts,25,beta,global_above_cutoff,,logit,iterative,2018,1990,,6,,,,24920,0,0,0.001,98,155462
22,,,,/ihme/homes/annieb6/AMR/typhi_paratyphi/stackers/holdouts/2020_07_17/holdout_5/custom_stage1_df.csv,/ihme/homes/annieb6/AMR/typhi_paratyphi/stackers/holdouts/2020_07_17/input_data_h5.csv,5,1,0.5,0.01,10,22,3,1,0,1,Proportion of MDR Paratyphi,,,,run with holdouts,25,beta,global_above_cutoff,,logit,iterative,2018,1990,,6,,,,24920,0,0,0.001,99,155465
22,,,,/ihme/homes/annieb6/AMR/typhi_paratyphi/stackers/custom_stage1_2020_07_20_FQNS_Paratyphi.csv,/ihme/homes/annieb6/AMR/typhi_paratyphi/datasets/FQNS_paratyphi_over5.csv,1,1,0.01,0.1,10,22,3,1,0,1,Proportion of FQNS Paratyphi,,,,"initial FQNS paratyphi run, mid parameters",25,beta,global_above_cutoff,,logit,iterative,2018,1990,,6,,,,24920,0,0,0.001,100,155804
22,,,,/ihme/homes/annieb6/AMR/typhi_paratyphi/stackers/custom_stage1_2020_07_20_FQNS_Paratyphi.csv,/ihme/homes/annieb6/AMR/typhi_paratyphi/datasets/FQNS_paratyphi_over5.csv,1,1,0.1,0.1,10,22,3,1,0,1,Proportion of FQNS Paratyphi,,,,increase spatial smooothing,25,beta,global_above_cutoff,,logit,iterative,2018,1990,,6,,,,24920,0,0,0.001,101,155807
22,,,,/ihme/homes/annieb6/AMR/typhi_paratyphi/stackers/custom_stage1_2020_07_20_FQNS_Paratyphi.csv,/ihme/homes/annieb6/AMR/typhi_paratyphi/datasets/FQNS_paratyphi_over5.csv,1,1,0.005,0.1,10,22,3,1,0,1,Proportion of FQNS Paratyphi,,,,decrease spatial smooothing,25,beta,global_above_cutoff,,logit,iterative,2018,1990,,6,,,,24920,0,0,0.001,102,155810
22,,,,/ihme/homes/annieb6/AMR/typhi_paratyphi/stackers/custom_stage1_2020_07_20_FQNS_Paratyphi.csv,/ihme/homes/annieb6/AMR/typhi_paratyphi/datasets/FQNS_paratyphi_over5.csv,1,1,0.01,0.5,10,22,3,1,0,1,Proportion of FQNS Paratyphi,,,,decrease temporal smooothing,25,beta,global_above_cutoff,,logit,iterative,2018,1990,,6,,,,24920,0,0,0.001,103,155813
22,,,,/ihme/homes/annieb6/AMR/typhi_paratyphi/stackers/custom_stage1_2020_07_20_FQNS_Paratyphi.csv,/ihme/homes/annieb6/AMR/typhi_paratyphi/datasets/FQNS_paratyphi_over5.csv,1,1,0.01,0.05,10,22,3,1,0,1,Proportion of FQNS Paratyphi,,,,increase temporal smooothing,25,beta,global_above_cutoff,,logit,iterative,2018,1990,,6,,,,24920,0,0,0.001,104,155816
22,,,,/ihme/homes/annieb6/AMR/typhi_paratyphi/stackers/custom_stage1_2020_07_20_FQNS_Paratyphi.csv,/ihme/homes/annieb6/AMR/typhi_paratyphi/datasets/FQNS_paratyphi_over5.csv,1,1,0.01,0.25,10,22,3,1,0,1,Proportion of FQNS Paratyphi,,,,inbetween the middle and lowest spatial smoothing,25,beta,global_above_cutoff,,logit,iterative,2018,1990,,6,,,,24920,0,0,0.001,105,155819
22,,,,/ihme/homes/annieb6/AMR/typhi_paratyphi/stackers/custom_stage1_2020_07_20_FQNS_Paratyphi.csv,/ihme/homes/annieb6/AMR/typhi_paratyphi/datasets/FQNS_paratyphi_over5.csv,1,"1,1","0.01,0.01","0.1,0.25",10,22,3,1,0,1,Proportion of FQNS Paratyphi,,,,settings by data density,"25,25",beta,global_above_cutoff,1,logit,iterative,2018,1990,,6,,,,24920,0,0,0.001,106,155822
22,,,,/ihme/homes/annieb6/AMR/typhi_paratyphi/stackers/custom_stage1_2020_07_20_FQNS_Paratyphi.csv,/ihme/homes/annieb6/AMR/typhi_paratyphi/datasets/FQNS_paratyphi_over5.csv,2,"1,1","0.01,0.01","0.1,0.25",10,22,3,1,0,1,Proportion of FQNS Paratyphi,,,,"as above, more GPR","25,25",beta,global_above_cutoff,1,logit,iterative,2018,1990,,6,,,,24920,0,0,0.001,107,155825
22,,,,/ihme/homes/annieb6/AMR/typhi_paratyphi/stackers/custom_stage1_2020_07_20_FQNS_Paratyphi.csv,/ihme/homes/annieb6/AMR/typhi_paratyphi/datasets/FQNS_paratyphi_over10.csv,1,"1,1","0.01,0.01","0.1,0.25",10,22,3,1,0,1,Proportion of FQNS Paratyphi,,,,run the same model with only studies >10 isolates,"25,25",beta,global_above_cutoff,1,logit,iterative,2018,1990,,6,,,,24920,0,0,0.001,108,155828
22,,,,/ihme/homes/annieb6/AMR/typhi_paratyphi/stackers/custom_stage1_2020_07_20_FQNS_Paratyphi.csv,/ihme/homes/annieb6/AMR/typhi_paratyphi/datasets/FQNS_paratyphi_over5_minus_IDN.csv,1,"1,1","0.01,0.01","0.1,0.25",10,22,3,1,0,1,Proportion of FQNS Paratyphi,,,,same model without indonesia data,"25,25",beta,global_above_cutoff,1,logit,iterative,2018,1990,,6,,,,24920,0,0,0.001,109,157403
22,,,,/ihme/homes/annieb6/AMR/typhi_paratyphi/stackers/custom_stage1_2020_07_20_FQNS_Paratyphi.csv,/ihme/homes/annieb6/AMR/typhi_paratyphi/datasets/FQNS_paratyphi_over5.csv,1,1,0.7,1,10,22,3,1,0,1,Proportion of FQNS Paratyphi,,,,run with prod version,25,prod,global_above_cutoff,,logit,iterative,2018,1990,,6,,,,24920,0,0,0.001,110,157412
22,,,,/ihme/homes/annieb6/AMR/typhi_paratyphi/stackers/custom_stage1_2020_07_20_FQNS_Paratyphi.csv,/ihme/homes/annieb6/AMR/typhi_paratyphi/datasets/FQNS_paratyphi_over5.csv,1,1,0.5,1,10,22,3,1,0,1,Proportion of FQNS Paratyphi,,,,really high spatial smoothing,25,prod,global_above_cutoff,,logit,iterative,2018,1990,,6,,,,24920,0,0,0.001,111,157415
22,,,,/ihme/homes/annieb6/AMR/typhi_paratyphi/stackers/custom_stage1_2020_07_20_FQNS_Paratyphi.csv,/ihme/homes/annieb6/AMR/typhi_paratyphi/datasets/FQNS_paratyphi_over10.csv,1,1,0.5,1,10,22,3,1,0,1,Proportion of FQNS Paratyphi,,,,using the over 10 dataset,25,prod,global_above_cutoff,,logit,iterative,2018,1990,,6,,,,24920,0,0,0.001,112,157421
22,,,,/ihme/homes/annieb6/AMR/typhi_paratyphi/stackers/custom_stage1_2020_07_20_FQNS_Paratyphi.csv,/ihme/homes/annieb6/AMR/typhi_paratyphi/datasets/FQNS_paratyphi_over10.csv,1,1,0.3,1,10,22,3,1,0,1,Proportion of FQNS Paratyphi,,,,really really high spatial smoothing,25,prod,global_above_cutoff,,logit,iterative,2018,1990,,6,,,,24920,0,0,0.001,113,157424
22,,,,/ihme/homes/annieb6/AMR/typhi_paratyphi/stackers/custom_stage1_2020_07_10.csv,/ihme/homes/annieb6/AMR/typhi_paratyphi/datasets/MDR_typhi_outliered_over5.csv,5,"1,1,1","0.1,0.01,0.005","0.1, 0.1, 0.25",10,22,3,1,0,1,Proportion of MDR typhi,,,,adding more GPR,"25,25,25",beta,global_above_cutoff,"3,10",logit,iterative,2018,1990,,6,,,,24920,0,0,0.001,114,159938
22,,,,/ihme/homes/annieb6/AMR/typhi_paratyphi/stackers/custom_stage1_2020_07_10.csv,/ihme/homes/annieb6/AMR/typhi_paratyphi/datasets/MDR_typhi_outliered_over5.csv,2,"1,1,1","0.1,0.01,0.005","0.1, 0.1, 0.25",10,22,3,1,0,1,Proportion of MDR typhi,,,,running with 100 draws,"25,25,25",beta,global_above_cutoff,"3,10",logit,iterative,2018,1990,,6,,,,24920,100,0,0.001,115,164162
22,,,,/ihme/homes/annieb6/AMR/typhi_paratyphi/stackers/2020_07_16_MDR_Paratyphi/custom_stage1_df.csv,/ihme/homes/annieb6/AMR/typhi_paratyphi/datasets/MDR_paratyphi_outliered.csv,5,1,0.5,0.01,10,22,3,1,0,1,Proportion of MDR Paratyphi,,,,running with 100 draws,25,beta,global_above_cutoff,,logit,iterative,2018,1990,,6,,,,24920,100,0,0.001,116,164165
22,,,,/ihme/homes/annieb6/AMR/typhi_paratyphi/stackers/2020_07_14_FQNS_Typhi/custom_stage1_df.csv,/ihme/homes/annieb6/AMR/typhi_paratyphi/datasets/FQNS_typhi_outliered.csv,2,"1,1","0.1,0.1","0.05, 0.1",10,22,3,1,0,1,Proportion of FQNS typhi,,,,running with 100 draws,"25,25",beta,global_above_cutoff,3,logit,iterative,2018,1990,,6,,,,24920,100,0,0.001,117,164168
22,,,,/ihme/homes/annieb6/AMR/typhi_paratyphi/stackers/custom_stage1_2020_07_20_FQNS_Paratyphi.csv,/ihme/homes/annieb6/AMR/typhi_paratyphi/datasets/FQNS_paratyphi_over10.csv,1,1,0.3,1,10,22,3,1,0,1,Proportion of FQNS Paratyphi,,,,running with 100 draws,25,prod,global_above_cutoff,,logit,iterative,2018,1990,,6,,,,24920,100,0,0.001,118,164171
22,,,,/ihme/homes/annieb6/AMR/typhi_paratyphi/stackers/2020_07_16_MDR_Paratyphi/custom_stage1_df.csv,/ihme/homes/annieb6/AMR/typhi_paratyphi/datasets/MDR_paratyphi_outliered.csv,10,1,0.5,0.01,10,22,3,1,0,1,Proportion of MDR Paratyphi,,,,increase GPR,25,beta,global_above_cutoff,,logit,iterative,2018,1990,,6,,,,24920,100,0,0.001,119,164174
22,,,,/ihme/homes/annieb6/AMR/typhi_paratyphi/stackers/2020_07_14_FQNS_Typhi/custom_stage1_df.csv,/ihme/homes/annieb6/AMR/typhi_paratyphi/datasets/FQNS_typhi_outliered2.csv,5,"1,1","0.1,0.1","0.05, 0.1",10,22,3,1,0,1,Proportion of FQNS typhi,,,,"increase GPR amplitude, outiered extra IRQ data","25,25",beta,global_above_cutoff,3,logit,iterative,2018,1990,,6,,,,24920,100,0,0.001,120,164183
22,,data ~ 1 + cv_anc4_coverage_prop + cv_dtp3_coverage_prop + cv_hospital_beds_per1000 +  cv_mean_temperature +cv_tfr + cv_sanitation_prop + cv_antimalarial_effective_tmt_map + cv_stunting_prop_haz_under_2sd + cv_intest_typhoid + cv_ddd_per_1000 + cv_J01C + (1 | level_1/level_2/level_3),/ihme/homes/annieb6/covariates/cleaned_covs2.csv,,/ihme/homes/annieb6/AMR/typhi_paratyphi/stackers/holdouts/2020_07_13_MDR_Typhi/input_data_h1.csv,5,"1,1,1","0.1,0.01,0.005","0.1, 0.1, 0.25",10,22,3,1,0,1,Proportion of MDR typhi,,,,running straight STGPR with selected covs for comparison,"25,25,25",beta,global_above_cutoff,"3,10",logit,iterative,2018,1990,,6,,,,24920,100,0,0.001,121,165227
22,,data ~ 1 + cv_anc4_coverage_prop + cv_dtp3_coverage_prop + cv_hospital_beds_per1000 +  cv_mean_temperature +cv_tfr + cv_sanitation_prop + cv_antimalarial_effective_tmt_map + cv_stunting_prop_haz_under_2sd + cv_intest_typhoid + cv_ddd_per_1000 + cv_J01C + (1 | level_1/level_2/level_3),/ihme/homes/annieb6/covariates/cleaned_covs2.csv,,/ihme/homes/annieb6/AMR/typhi_paratyphi/stackers/holdouts/2020_07_13_MDR_Typhi/input_data_h2.csv,5,"1,1,1","0.1,0.01,0.005","0.1, 0.1, 0.25",10,22,3,1,0,1,Proportion of MDR typhi,,,,running straight STGPR with selected covs for comparison,"25,25,25",beta,global_above_cutoff,"3,10",logit,iterative,2018,1990,,6,,,,24920,100,0,0.001,122,165230
22,,data ~ 1 + cv_anc4_coverage_prop + cv_dtp3_coverage_prop + cv_hospital_beds_per1000 +  cv_mean_temperature +cv_tfr + cv_sanitation_prop + cv_antimalarial_effective_tmt_map + cv_stunting_prop_haz_under_2sd + cv_intest_typhoid + cv_ddd_per_1000 + cv_J01C + (1 | level_1/level_2/level_3),/ihme/homes/annieb6/covariates/cleaned_covs2.csv,,/ihme/homes/annieb6/AMR/typhi_paratyphi/stackers/holdouts/2020_07_13_MDR_Typhi/input_data_h3.csv,5,"1,1,1","0.1,0.01,0.005","0.1, 0.1, 0.25",10,22,3,1,0,1,Proportion of MDR typhi,,,,running straight STGPR with selected covs for comparison,"25,25,25",beta,global_above_cutoff,"3,10",logit,iterative,2018,1990,,6,,,,24920,100,0,0.001,123,165233
22,,data ~ 1 + cv_anc4_coverage_prop + cv_dtp3_coverage_prop + cv_hospital_beds_per1000 +  cv_mean_temperature +cv_tfr + cv_sanitation_prop + cv_antimalarial_effective_tmt_map + cv_stunting_prop_haz_under_2sd + cv_intest_typhoid + cv_ddd_per_1000 + cv_J01C + (1 | level_1/level_2/level_3),/ihme/homes/annieb6/covariates/cleaned_covs2.csv,,/ihme/homes/annieb6/AMR/typhi_paratyphi/stackers/holdouts/2020_07_13_MDR_Typhi/input_data_h4.csv,5,"1,1,1","0.1,0.01,0.005","0.1, 0.1, 0.25",10,22,3,1,0,1,Proportion of MDR typhi,,,,running straight STGPR with selected covs for comparison,"25,25,25",beta,global_above_cutoff,"3,10",logit,iterative,2018,1990,,6,,,,24920,100,0,0.001,124,165236
22,,data ~ 1 + cv_anc4_coverage_prop + cv_dtp3_coverage_prop + cv_hospital_beds_per1000 +  cv_mean_temperature +cv_tfr + cv_sanitation_prop + cv_antimalarial_effective_tmt_map + cv_stunting_prop_haz_under_2sd + cv_intest_typhoid + cv_ddd_per_1000 + cv_J01C + (1 | level_1/level_2/level_3),/ihme/homes/annieb6/covariates/cleaned_covs2.csv,,/ihme/homes/annieb6/AMR/typhi_paratyphi/stackers/holdouts/2020_07_13_MDR_Typhi/input_data_h5.csv,5,"1,1,1","0.1,0.01,0.005","0.1, 0.1, 0.25",10,22,3,1,0,1,Proportion of MDR typhi,,,,running straight STGPR with selected covs for comparison,"25,25,25",beta,global_above_cutoff,"3,10",logit,iterative,2018,1990,,6,,,,24920,100,0,0.001,125,165239
22,,data ~ 1 + cv_anc4_coverage_prop + cv_dtp3_coverage_prop + cv_hospital_beds_per1000 +  cv_mean_temperature +cv_tfr + cv_sanitation_prop + cv_antimalarial_effective_tmt_map + cv_stunting_prop_haz_under_2sd + cv_intest_typhoid + cv_ddd_per_1000 + cv_J01C + (1 | level_1/level_2/level_3),/ihme/homes/annieb6/covariates/cleaned_covs2.csv,,/ihme/homes/annieb6/AMR/typhi_paratyphi/datasets/MDR_typhi_outliered_over5.csv,5,"1,1,1","0.1,0.01,0.005","0.1, 0.1, 0.25",10,22,3,1,0,1,Proportion of MDR typhi,,,,full model with straigt GPR,"25,25,25",beta,global_above_cutoff,"3,10",logit,iterative,2018,1990,,6,,,,24920,100,0,0.001,126,165242
22,,data ~ 1 + cv_ldi_pc + cv_pollution_outdoor_pm25 + cv_tfr + cv_stunting_prop_haz_under_2sd + cv_stunting_prop_haz_under_2sd + cv_J01M + (1 | level_1/level_2/level_3),/ihme/homes/annieb6/covariates/cleaned_covs2.csv,,/ihme/homes/annieb6/AMR/typhi_paratyphi/stackers/holdouts/2020_07_14_FQNS_Typhi/input_data_h1.csv,5,"1,1","0.1,0.1","0.05, 0.1",10,22,3,1,0,1,Proportion of FQNS typhi,,,,linear first stage model,"25,25",beta,global_above_cutoff,3,logit,iterative,2018,1990,,6,,,,24920,100,0,0.001,127,165371
22,,data ~ 1 + cv_ldi_pc + cv_pollution_outdoor_pm25 + cv_tfr + cv_stunting_prop_haz_under_2sd + cv_J01M + (1 | level_1/level_2/level_3),/ihme/homes/annieb6/covariates/cleaned_covs2.csv,,/ihme/homes/annieb6/AMR/typhi_paratyphi/stackers/holdouts/2020_07_14_FQNS_Typhi/input_data_h2.csv,5,"1,1","0.1,0.1","0.05, 0.1",10,22,3,1,0,1,Proportion of FQNS typhi,,,,linear first stage model,"25,25",beta,global_above_cutoff,3,logit,iterative,2018,1990,,6,,,,24920,100,0,0.001,128,165374
22,,data ~ 1 + cv_ldi_pc + cv_pollution_outdoor_pm25 + cv_tfr + cv_stunting_prop_haz_under_2sd + cv_J01M + (1 | level_1/level_2/level_3),/ihme/homes/annieb6/covariates/cleaned_covs2.csv,,/ihme/homes/annieb6/AMR/typhi_paratyphi/stackers/holdouts/2020_07_14_FQNS_Typhi/input_data_h3.csv,5,"1,1","0.1,0.1","0.05, 0.1",10,22,3,1,0,1,Proportion of FQNS typhi,,,,linear first stage model,"25,25",beta,global_above_cutoff,3,logit,iterative,2018,1990,,6,,,,24920,100,0,0.001,129,165377
22,,data ~ 1 + cv_ldi_pc + cv_pollution_outdoor_pm25 + cv_tfr + cv_stunting_prop_haz_under_2sd + cv_J01M + (1 | level_1/level_2/level_3),/ihme/homes/annieb6/covariates/cleaned_covs2.csv,,/ihme/homes/annieb6/AMR/typhi_paratyphi/stackers/holdouts/2020_07_14_FQNS_Typhi/input_data_h4.csv,5,"1,1","0.1,0.1","0.05, 0.1",10,22,3,1,0,1,Proportion of FQNS typhi,,,,linear first stage model,"25,25",beta,global_above_cutoff,3,logit,iterative,2018,1990,,6,,,,24920,100,0,0.001,130,165380
22,,data ~ 1 + cv_ldi_pc + cv_pollution_outdoor_pm25 + cv_tfr + cv_stunting_prop_haz_under_2sd + cv_J01M + (1 | level_1/level_2/level_3),/ihme/homes/annieb6/covariates/cleaned_covs2.csv,,/ihme/homes/annieb6/AMR/typhi_paratyphi/stackers/holdouts/2020_07_14_FQNS_Typhi/input_data_h5.csv,5,"1,1","0.1,0.1","0.05, 0.1",10,22,3,1,0,1,Proportion of FQNS typhi,,,,linear first stage model,"25,25",beta,global_above_cutoff,3,logit,iterative,2018,1990,,6,,,,24920,100,0,0.001,131,165383
22,,data ~ 1 + cv_ldi_pc + cv_pollution_outdoor_pm25 + cv_tfr + cv_stunting_prop_haz_under_2sd + cv_J01M + (1 | level_1/level_2/level_3),/ihme/homes/annieb6/covariates/cleaned_covs2.csv,,/ihme/homes/annieb6/AMR/typhi_paratyphi/datasets/FQNS_typhi_outliered2.csv,5,"1,1","0.1,0.1","0.05, 0.1",10,22,3,1,0,1,Proportion of FQNS typhi,,,,linear first stage model,"25,25",beta,global_above_cutoff,3,logit,iterative,2018,1990,,6,,,,24920,100,0,0.001,132,165542
22,,,,/ihme/homes/annieb6/AMR/typhi_paratyphi/stackers/holdouts/2020_10_16_FQNS_Typhi/holdout_1/custom_stage1_df.csv,/ihme/homes/annieb6/AMR/typhi_paratyphi/stackers/holdouts/2020_10_16_FQNS_Typhi/input_data_h1.csv,5,"1,1","0.1,0.1","0.05, 0.1",10,22,3,1,0,1,Proportion of FQNS typhi,,,,final model with country holdouts,"25,25",beta,global_above_cutoff,3,logit,iterative,2018,1990,,6,,,,24920,100,0,0.001,133,
22,,,,/ihme/homes/annieb6/AMR/typhi_paratyphi/stackers/holdouts/2020_10_16_FQNS_Typhi/holdout_2/custom_stage1_df.csv,/ihme/homes/annieb6/AMR/typhi_paratyphi/stackers/holdouts/2020_10_16_FQNS_Typhi/input_data_h2.csv,5,"1,1","0.1,0.1","0.05, 0.1",10,22,3,1,0,1,Proportion of FQNS typhi,,,,final model with country holdouts,"25,25",beta,global_above_cutoff,3,logit,iterative,2018,1990,,6,,,,24920,100,0,0.001,134,165548
22,,,,/ihme/homes/annieb6/AMR/typhi_paratyphi/stackers/holdouts/2020_10_16_FQNS_Typhi/holdout_3/custom_stage1_df.csv,/ihme/homes/annieb6/AMR/typhi_paratyphi/stackers/holdouts/2020_10_16_FQNS_Typhi/input_data_h3.csv,5,"1,1","0.1,0.1","0.05, 0.1",10,22,3,1,0,1,Proportion of FQNS typhi,,,,final model with country holdouts,"25,25",beta,global_above_cutoff,3,logit,iterative,2018,1990,,6,,,,24920,100,0,0.001,135,165551
22,,,,/ihme/homes/annieb6/AMR/typhi_paratyphi/stackers/holdouts/2020_10_16_FQNS_Typhi/holdout_4/custom_stage1_df.csv,/ihme/homes/annieb6/AMR/typhi_paratyphi/stackers/holdouts/2020_10_16_FQNS_Typhi/input_data_h4.csv,5,"1,1","0.1,0.1","0.05, 0.1",10,22,3,1,0,1,Proportion of FQNS typhi,,,,final model with country holdouts,"25,25",beta,global_above_cutoff,3,logit,iterative,2018,1990,,6,,,,24920,100,0,0.001,136,165554
22,,,,/ihme/homes/annieb6/AMR/typhi_paratyphi/stackers/holdouts/2020_10_16_FQNS_Typhi/holdout_5/custom_stage1_df.csv,/ihme/homes/annieb6/AMR/typhi_paratyphi/stackers/holdouts/2020_10_16_FQNS_Typhi/input_data_h5.csv,5,"1,1","0.1,0.1","0.05, 0.1",10,22,3,1,0,1,Proportion of FQNS typhi,,,,final model with country holdouts,"25,25",beta,global_above_cutoff,3,logit,iterative,2018,1990,,6,,,,24920,100,0,0.001,137,165557
22,,data ~ 1 + cv_ldi_pc + cv_pollution_outdoor_pm25 + cv_tfr + cv_stunting_prop_haz_under_2sd + cv_stunting_prop_haz_under_2sd + cv_J01M + (1 | level_1/level_2/level_3),/ihme/homes/annieb6/covariates/cleaned_covs2.csv,,/ihme/homes/annieb6/AMR/typhi_paratyphi/stackers/holdouts/2020_10_16_FQNS_Typhi/input_data_h1.csv,5,"1,1","0.1,0.1","0.05, 0.1",10,22,3,1,0,1,Proportion of FQNS typhi,,,,linear first stage model country holdouts,"25,25",beta,global_above_cutoff,3,logit,iterative,2018,1990,,6,,,,24920,100,0,0.001,138,165560
22,,data ~ 1 + cv_ldi_pc + cv_pollution_outdoor_pm25 + cv_tfr + cv_stunting_prop_haz_under_2sd + cv_J01M + (1 | level_1/level_2/level_3),/ihme/homes/annieb6/covariates/cleaned_covs2.csv,,/ihme/homes/annieb6/AMR/typhi_paratyphi/stackers/holdouts/2020_10_16_FQNS_Typhi/input_data_h2.csv,5,"1,1","0.1,0.1","0.05, 0.1",10,22,3,1,0,1,Proportion of FQNS typhi,,,,linear first stage model country holdouts,"25,25",beta,global_above_cutoff,3,logit,iterative,2018,1990,,6,,,,24920,100,0,0.001,139,165563
22,,data ~ 1 + cv_ldi_pc + cv_pollution_outdoor_pm25 + cv_tfr + cv_stunting_prop_haz_under_2sd + cv_J01M + (1 | level_1/level_2/level_3),/ihme/homes/annieb6/covariates/cleaned_covs2.csv,,/ihme/homes/annieb6/AMR/typhi_paratyphi/stackers/holdouts/2020_10_16_FQNS_Typhi/input_data_h3.csv,5,"1,1","0.1,0.1","0.05, 0.1",10,22,3,1,0,1,Proportion of FQNS typhi,,,,linear first stage model country holdouts,"25,25",beta,global_above_cutoff,3,logit,iterative,2018,1990,,6,,,,24920,100,0,0.001,140,165566
22,,data ~ 1 + cv_ldi_pc + cv_pollution_outdoor_pm25 + cv_tfr + cv_stunting_prop_haz_under_2sd + cv_J01M + (1 | level_1/level_2/level_3),/ihme/homes/annieb6/covariates/cleaned_covs2.csv,,/ihme/homes/annieb6/AMR/typhi_paratyphi/stackers/holdouts/2020_10_16_FQNS_Typhi/input_data_h4.csv,5,"1,1","0.1,0.1","0.05, 0.1",10,22,3,1,0,1,Proportion of FQNS typhi,,,,linear first stage model country holdouts,"25,25",beta,global_above_cutoff,3,logit,iterative,2018,1990,,6,,,,24920,100,0,0.001,141,165569
22,,data ~ 1 + cv_ldi_pc + cv_pollution_outdoor_pm25 + cv_tfr + cv_stunting_prop_haz_under_2sd + cv_J01M + (1 | level_1/level_2/level_3),/ihme/homes/annieb6/covariates/cleaned_covs2.csv,,/ihme/homes/annieb6/AMR/typhi_paratyphi/stackers/holdouts/2020_10_16_FQNS_Typhi/input_data_h5.csv,5,"1,1","0.1,0.1","0.05, 0.1",10,22,3,1,0,1,Proportion of FQNS typhi,,,,linear first stage model country holdouts,"25,25",beta,global_above_cutoff,3,logit,iterative,2018,1990,,6,,,,24920,100,0,0.001,142,165572
22,,data ~ cv_anc4_coverage_prop + cv_dtp3_coverage_prop + cv_hospital_beds_per1000 +  cv_mean_temperature +cv_tfr + cv_sanitation_prop + cv_antimalarial_effective_tmt_map + cv_stunting_prop_haz_under_2sd + cv_intest_typhoid + cv_ddd_per_1000 + cv_J01C,/ihme/homes/annieb6/covariates/cleaned_covs2.csv,,/ihme/homes/annieb6/AMR/typhi_paratyphi/datasets/MDR_typhi_outliered_over5.csv,5,"1,1,1","0.1,0.01,0.005","0.1, 0.1, 0.25",10,22,3,1,0,1,Proportion of MDR typhi,,,,full model with straigt GPR,"25,25,25",beta,global_above_cutoff,"3,10",logit,iterative,2018,1990,,6,,,,24920,100,0,0.001,143,165650
22,,data ~ cv_ddd_per_1000 + cv_J01C + (1 | level_1/level_2/level_3),/ihme/homes/annieb6/covariates/cleaned_covs2.csv,,/ihme/homes/annieb6/AMR/typhi_paratyphi/stackers/holdouts/2020_07_13_MDR_Typhi/input_data_h1.csv,5,"1,1,1","0.1,0.01,0.005","0.1, 0.1, 0.25",10,22,3,1,0,1,Proportion of MDR typhi,,,,running straight STGPR with selected covs for comparison,"25,25,25",beta,global_above_cutoff,"3,10",logit,iterative,2018,1990,,6,,,,24920,100,0,0.001,144,165692
22,,data ~ cv_ddd_per_1000 + cv_J01C + (1 | level_1/level_2/level_3),/ihme/homes/annieb6/covariates/cleaned_covs2.csv,,/ihme/homes/annieb6/AMR/typhi_paratyphi/stackers/holdouts/2020_07_13_MDR_Typhi/input_data_h2.csv,5,"1,1,1","0.1,0.01,0.005","0.1, 0.1, 0.25",10,22,3,1,0,1,Proportion of MDR typhi,,,,running straight STGPR with selected covs for comparison,"25,25,25",beta,global_above_cutoff,"3,10",logit,iterative,2018,1990,,6,,,,24920,100,0,0.001,145,165695
22,,data ~ cv_ddd_per_1000 + cv_J01C + (1 | level_1/level_2/level_3),/ihme/homes/annieb6/covariates/cleaned_covs2.csv,,/ihme/homes/annieb6/AMR/typhi_paratyphi/stackers/holdouts/2020_07_13_MDR_Typhi/input_data_h3.csv,5,"1,1,1","0.1,0.01,0.005","0.1, 0.1, 0.25",10,22,3,1,0,1,Proportion of MDR typhi,,,,running straight STGPR with selected covs for comparison,"25,25,25",beta,global_above_cutoff,"3,10",logit,iterative,2018,1990,,6,,,,24920,100,0,0.001,146,165698
22,,data ~ cv_ddd_per_1000 + cv_J01C + (1 | level_1/level_2/level_3),/ihme/homes/annieb6/covariates/cleaned_covs2.csv,,/ihme/homes/annieb6/AMR/typhi_paratyphi/stackers/holdouts/2020_07_13_MDR_Typhi/input_data_h4.csv,5,"1,1,1","0.1,0.01,0.005","0.1, 0.1, 0.25",10,22,3,1,0,1,Proportion of MDR typhi,,,,running straight STGPR with selected covs for comparison,"25,25,25",beta,global_above_cutoff,"3,10",logit,iterative,2018,1990,,6,,,,24920,100,0,0.001,147,165701
22,,data ~ cv_ddd_per_1000 + cv_J01C + (1 | level_1/level_2/level_3),/ihme/homes/annieb6/covariates/cleaned_covs2.csv,,/ihme/homes/annieb6/AMR/typhi_paratyphi/stackers/holdouts/2020_07_13_MDR_Typhi/input_data_h5.csv,5,"1,1,1","0.1,0.01,0.005","0.1, 0.1, 0.25",10,22,3,1,0,1,Proportion of MDR typhi,,,,running straight STGPR with selected covs for comparison,"25,25,25",beta,global_above_cutoff,"3,10",logit,iterative,2018,1990,,6,,,,24920,100,0,0.001,148,165704
22,,data ~ 1 + cv_anc4_coverage_prop + cv_dtp3_coverage_prop + cv_hospital_beds_per1000 +  cv_mean_temperature +cv_tfr + cv_sanitation_prop + cv_antimalarial_effective_tmt_map + cv_stunting_prop_haz_under_2sd + cv_intest_typhoid + cv_ddd_per_1000 + cv_J01C + (1 | level_1/level_2/level_3),/ihme/homes/annieb6/covariates/cleaned_covs2.csv,,/ihme/homes/annieb6/AMR/typhi_paratyphi/datasets/MDR_typhi_outliered_over5.csv,5,"1,1,1","0.1,0.01,0.005","0.1, 0.1, 0.25",10,22,3,1,0,1,Proportion of MDR typhi,,,,full model with straigt GPR,"25,25,25",beta,global_above_cutoff,"3,10",logit,iterative,2018,1990,,6,,,,24920,100,0,0.001,149,
22,,data ~ cv_ddd_per_1000 + cv_J01C + (1 | level_1/level_2/level_3),/ihme/homes/annieb6/covariates/cleaned_covs2.csv,,/ihme/homes/annieb6/AMR/typhi_paratyphi/datasets/MDR_typhi_outliered_over5.csv,5,"1,1,1","0.1,0.01,0.005","0.1, 0.1, 0.25",10,22,3,1,0,1,Proportion of MDR typhi,,,,full model with limited covs,"25,25,25",beta,global_above_cutoff,"3,10",logit,iterative,2018,1990,,6,,,,24920,100,0,0.001,150,166244
22,,,,/ihme/homes/annieb6/AMR/typhi_paratyphi/stackers/holdouts/2020_10_28/custom_stage1_h1.csv,/ihme/homes/annieb6/AMR/typhi_paratyphi/stackers/holdouts/2020_10_28/input_data_h1.csv,2,"1,1,1","0.1,0.01,0.005","0.1, 0.1, 0.25",10,22,3,1,0,1,Proportion of MDR typhi,,,,Selected model with country level holdouts,"25,25,25",beta,global_above_cutoff,"3,10",logit,iterative,2018,1990,,6,,,,24920,0,0,0.001,151,166343
22,,,,/ihme/homes/annieb6/AMR/typhi_paratyphi/stackers/holdouts/2020_10_28/custom_stage1_h2.csv,/ihme/homes/annieb6/AMR/typhi_paratyphi/stackers/holdouts/2020_10_28/input_data_h2.csv,2,"1,1,1","0.1,0.01,0.005","0.1, 0.1, 0.25",10,22,3,1,0,1,Proportion of MDR typhi,,,,Selected model with country level holdouts,"25,25,25",beta,global_above_cutoff,"3,10",logit,iterative,2018,1990,,6,,,,24920,0,0,0.001,152,166346
22,,,,/ihme/homes/annieb6/AMR/typhi_paratyphi/stackers/holdouts/2020_10_28/custom_stage1_h3.csv,/ihme/homes/annieb6/AMR/typhi_paratyphi/stackers/holdouts/2020_10_28/input_data_h3.csv,2,"1,1,1","0.1,0.01,0.005","0.1, 0.1, 0.25",10,22,3,1,0,1,Proportion of MDR typhi,,,,Selected model with country level holdouts,"25,25,25",beta,global_above_cutoff,"3,10",logit,iterative,2018,1990,,6,,,,24920,0,0,0.001,153,166349
22,,,,/ihme/homes/annieb6/AMR/typhi_paratyphi/stackers/holdouts/2020_10_28/custom_stage1_h4.csv,/ihme/homes/annieb6/AMR/typhi_paratyphi/stackers/holdouts/2020_10_28/input_data_h4.csv,2,"1,1,1","0.1,0.01,0.005","0.1, 0.1, 0.25",10,22,3,1,0,1,Proportion of MDR typhi,,,,Selected model with country level holdouts,"25,25,25",beta,global_above_cutoff,"3,10",logit,iterative,2018,1990,,6,,,,24920,0,0,0.001,154,166352
22,,,,/ihme/homes/annieb6/AMR/typhi_paratyphi/stackers/holdouts/2020_10_28/custom_stage1_h5.csv,/ihme/homes/annieb6/AMR/typhi_paratyphi/stackers/holdouts/2020_10_28/input_data_h5.csv,2,"1,1,1","0.1,0.01,0.005","0.1, 0.1, 0.25",10,22,3,1,0,1,Proportion of MDR typhi,,,,Selected model with country level holdouts,"25,25,25",beta,global_above_cutoff,"3,10",logit,iterative,2018,1990,,6,,,,24920,0,0,0.001,155,166355
22,,data ~ 1 + cv_anc4_coverage_prop + cv_dtp3_coverage_prop + cv_hospital_beds_per1000 +  cv_mean_temperature +cv_tfr + cv_sanitation_prop + cv_antimalarial_effective_tmt_map + cv_stunting_prop_haz_under_2sd + cv_intest_typhoid + cv_ddd_per_1000 + cv_J01C + (1 | level_1/level_2/level_3),/ihme/homes/annieb6/covariates/cleaned_covs2.csv,,/ihme/homes/annieb6/AMR/typhi_paratyphi/stackers/holdouts/2020_10_28/input_data_h1.csv,2,"1,1,1","0.1,0.01,0.005","0.1, 0.1, 0.25",10,22,3,1,0,1,Proportion of MDR typhi,,,,STGPR model with country level holdouts,"25,25,25",beta,global_above_cutoff,"3,10",logit,iterative,2018,1990,,6,,,,24920,0,0,0.001,156,166310
22,,data ~ 1 + cv_anc4_coverage_prop + cv_dtp3_coverage_prop + cv_hospital_beds_per1000 +  cv_mean_temperature +cv_tfr + cv_sanitation_prop + cv_antimalarial_effective_tmt_map + cv_stunting_prop_haz_under_2sd + cv_intest_typhoid + cv_ddd_per_1000 + cv_J01C + (1 | level_1/level_2/level_3),/ihme/homes/annieb6/covariates/cleaned_covs2.csv,,/ihme/homes/annieb6/AMR/typhi_paratyphi/stackers/holdouts/2020_10_28/input_data_h2.csv,2,"1,1,1","0.1,0.01,0.005","0.1, 0.1, 0.25",10,22,3,1,0,1,Proportion of MDR typhi,,,,STGPR model with country level holdouts,"25,25,25",beta,global_above_cutoff,"3,10",logit,iterative,2018,1990,,6,,,,24920,0,0,0.001,157,166313
22,,data ~ 1 + cv_anc4_coverage_prop + cv_dtp3_coverage_prop + cv_hospital_beds_per1000 +  cv_mean_temperature +cv_tfr + cv_sanitation_prop + cv_antimalarial_effective_tmt_map + cv_stunting_prop_haz_under_2sd + cv_intest_typhoid + cv_ddd_per_1000 + cv_J01C + (1 | level_1/level_2/level_3),/ihme/homes/annieb6/covariates/cleaned_covs2.csv,,/ihme/homes/annieb6/AMR/typhi_paratyphi/stackers/holdouts/2020_10_28/input_data_h3.csv,2,"1,1,1","0.1,0.01,0.005","0.1, 0.1, 0.25",10,22,3,1,0,1,Proportion of MDR typhi,,,,STGPR model with country level holdouts,"25,25,25",beta,global_above_cutoff,"3,10",logit,iterative,2018,1990,,6,,,,24920,0,0,0.001,158,166316
22,,data ~ 1 + cv_anc4_coverage_prop + cv_dtp3_coverage_prop + cv_hospital_beds_per1000 +  cv_mean_temperature +cv_tfr + cv_sanitation_prop + cv_antimalarial_effective_tmt_map + cv_stunting_prop_haz_under_2sd + cv_intest_typhoid + cv_ddd_per_1000 + cv_J01C + (1 | level_1/level_2/level_3),/ihme/homes/annieb6/covariates/cleaned_covs2.csv,,/ihme/homes/annieb6/AMR/typhi_paratyphi/stackers/holdouts/2020_10_28/input_data_h4.csv,2,"1,1,1","0.1,0.01,0.005","0.1, 0.1, 0.25",10,22,3,1,0,1,Proportion of MDR typhi,,,,STGPR model with country level holdouts,"25,25,25",beta,global_above_cutoff,"3,10",logit,iterative,2018,1990,,6,,,,24920,0,0,0.001,159,166319
22,,data ~ 1 + cv_anc4_coverage_prop + cv_dtp3_coverage_prop + cv_hospital_beds_per1000 +  cv_mean_temperature +cv_tfr + cv_sanitation_prop + cv_antimalarial_effective_tmt_map + cv_stunting_prop_haz_under_2sd + cv_intest_typhoid + cv_ddd_per_1000 + cv_J01C + (1 | level_1/level_2/level_3),/ihme/homes/annieb6/covariates/cleaned_covs2.csv,,/ihme/homes/annieb6/AMR/typhi_paratyphi/stackers/holdouts/2020_10_28/input_data_h5.csv,2,"1,1,1","0.1,0.01,0.005","0.1, 0.1, 0.25",10,22,3,1,0,1,Proportion of MDR typhi,,,,STGPR model with country level holdouts,"25,25,25",beta,global_above_cutoff,"3,10",logit,iterative,2018,1990,,6,,,,24920,0,0,0.001,160,166322
22,,,,/ihme/homes/annieb6/AMR/typhi_paratyphi/stackers/custom_stage1_final_MDR_Typhi.csv,/ihme/homes/annieb6/AMR/typhi_paratyphi/datasets/MDR_typhi_outliered_over5.csv,2,"1,1,1","0.1,0.01,0.005","0.1, 0.1, 0.25",10,22,3,1,0,1,Proportion of MDR typhi,,,,Final model pre scientific meeting,"25,25,25",beta,global_above_cutoff,"3,10",logit,iterative,2018,1990,,6,,,,24920,1000,0,0.001,161,
22,,,,/ihme/homes/annieb6/AMR/typhi_paratyphi/stackers/FQNS_Typhi_final/custom_stage1_df.csv,/ihme/homes/annieb6/AMR/typhi_paratyphi/datasets/FQNS_typhi_outliered2.csv,5,"1,1","0.1,0.1","0.05, 0.1",10,22,3,1,0,1,Proportion of FQNS typhi,,,,Final model,"25,25",beta,global_above_cutoff,3,logit,iterative,2018,1990,,6,,,,24920,1000,0,0.001,162,
22,,,,/ihme/homes/annieb6/AMR/typhi_paratyphi/stackers/MDR_Paratyphi_final/custom_stage1_df.csv,/ihme/homes/annieb6/AMR/typhi_paratyphi/datasets/MDR_paratyphi_outliered.csv,10,1,0.5,0.01,10,22,3,1,0,1,Proportion of MDR Paratyphi,,,,Final model,25,beta,global_above_cutoff,,logit,iterative,2018,1990,,6,,,,24920,1000,0,0.001,163,
22,,,,/ihme/homes/annieb6/AMR/typhi_paratyphi/stackers/custom_stage1_FQNS_Paratyphi_final.csv,/ihme/homes/annieb6/AMR/typhi_paratyphi/datasets/FQNS_paratyphi_over10.csv,1,1,0.3,1,10,22,3,1,0,1,Proportion of FQNS Paratyphi,,,,Final model,25,prod,global_above_cutoff,,logit,iterative,2018,1990,,6,,,,24920,1000,0,0.001,164,
